"name","coordinates","street",district_id,interval,status,is_real
"ZSVA0001","-23.62387246384708;-46.73480698739778","Rua Charles Spencer Chaplin",1,10000,True,True
"ZSVA0002","-23.62434735053875;-46.7359215318322","Rua Abdo Ambuba",1,10000,False,False
"ZSVA0003","-23.634735633502423;-46.73236741834121","Rua Alcantarilla",1,10000,True,False
"ZSVA0004","-23.635884337320483;-46.7398034434731","Rua Alexandre Archipenko",1,10000,True,False
"ZSVA0005","-23.63450025096545;-46.73775447416117","Rua Alexandre Benois",1,10000,True,False
"ZSVA0006","-23.633634573429426;-46.72936446252123","Rua Algeciras",1,10000,True,False
"ZSVA0007","-23.635132707393446;-46.733273589505124","Rua Algemesi",1,10000,True,False
"ZSVA0008","-23.637166368795995;-46.73551918950511","Rua Almaden",1,10000,True,False
"ZSVA0009","-23.63377631849077;-46.73065368765315","Rua Almansa",1,10000,True,False
"ZSVA0010","-23.63229992532576;-46.72856514532527","Rua Antônio da Costa Barbosa",1,10000,True,False
"ZSVA0011","-23.6278725319288;-46.740500904849306","Rua Arnaldo Olinto Bastos Filho",1,10000,True,False
"ZSVA0012","-23.628443703821684;-46.73740817416129","Rua Áureliano Guimarães",1,10000,True,False
"ZSVA0013","-23.639114527847614;-46.743849476013004","Rua Caetano de Odivelas",1,10000,True,False
"ZSVA0014","-23.638080354552226;-46.741998089504996","Rua Campo Novo do Sul",1,10000,True,False
"ZSVA0015","-23.639506842813542;-46.74766073368497","Rua Canabarro",1,10000,True,False
"ZSVA0016","-23.633257388601912;-46.7391071741612","Rua Canoal",1,10000,True,False
"ZSVA0017","-23.636228865184815;-46.740490274161075","Rua Canto Bonito",1,10000,True,False
"ZSVA0018","-23.632334267301513;-46.7408617029972","Rua Cantori",1,10000,True,False
"ZSVA0019","-23.624429324437024;-46.73726257601347","Rua Carapoanã",1,10000,False,False
"ZSVA0020","-23.62603991653691;-46.74441890484927","Rua Carupina",1,10000,True,False
"ZSVA0021","-23.631485385410432;-46.74037084717719","Rua Carvalho de Freitas",1,10000,True,False
"ZSVA0022","-23.623056089271394;-46.745447945325395","Rua Cascado",1,10000,False,False
"ZSVA0023","-23.631454914484017;-46.739173520193184","Rua Castelhano",1,10000,True,False
"ZSVA0024","-23.630507566858725;-46.74226968950528","Rua Catarinenses",1,10000,True,False
"ZSVA0025","-23.636927352648378;-46.73736952998102","Rua Catuti",1,10000,True,False
"ZSVA0026","-23.62616299868793;-46.747588660669294","Rua Carvaxi",1,10000,False,False
"ZSVA0027","-23.62813394380066;-46.745846331833334","Rua Cauípe",1,10000,False,False
"ZSVA0028","-23.63620558022975;-46.737367545325064","Rua Caxé",1,10000,True,False
"ZSVA0029","-23.630003770456437;-46.74157534532527","Rua Caxingó",1,10000,True,False
"ZSVA0030","-23.62711404808493;-46.74679436066936","Rua Celso Ramos",1,10000,False,False
"ZSVA0031","-23.634488148620864;-46.73696770299721","Rua Cemoaba",1,10000,True,False
"ZSVA0032","-23.630953455287187;-46.73909964717715","Rua Chapada Velha",1,10000,False,False
"ZSVA0033","-23.622421628703222;-46.73959271648941","Rua Cherpitel",1,10000,True,False
"ZSVA0034","-23.637310523785096;-46.74244726066914","Rua Chicó Gomes",1,10000,True,False
"ZSVA0035","-23.628530674674725;-46.74075205881723","Rua Cidade de Rio Pardo",1,10000,False,False
"ZSVA0036","-23.634424575089557;-46.736223402997176","Rua Clarindo",1,10000,True,False
"ZSVA0037","-23.62663349974692;-46.740256760669325","Rua Clodion",1,10000,True,False
"ZSVA0038","-23.625033051464857;-46.74008301834131","Rua Colantonio",1,10000,True,False
"ZSVA0039","-23.62656715858002;-46.73842487416139","Rua Cornelisz",1,10000,True,False
"ZSVA0040","-23.626880200309103;-46.74273188739773","Rua Crucy",1,10000,True,False
"ZSVA0041","-23.625505697215313;-46.74313350273806","Rua da Chibata",1,10000,False,False
"ZSVA0042","-23.634001634642956;-46.73510083157298","Rua Delegado Moraes Novaes",1,10000,True,False
"ZSVA0043","-23.628803680587858;-46.73185926040814","Rua Deputado João Sussumu Hirata",1,10000,False,False
"ZSVA0044","-23.634931089571737;-46.73956936040804","Rua Dom Salomão Ferraz",1,10000,True,False
"ZSVA0045","-23.62862681501555;-46.73482608924341","Rua Doutor Fonseca Brasil",1,10000,True,False
"ZSVA0046","-23.624924573603096;-46.73619828924331","Rua Doutor Sóter de Faria",1,10000,True,False
"ZSVA0047","-23.625689474980252;-46.73607767205728","Rua Eduardo Ambuba",1,10000,True,False
"ZSVA0048","-23.62862428026483;-46.73676390273799","Rua Engenheiro Antônio Jovino",1,10000,True,False
"ZSVA0049","-23.631974889940164;-46.73047964506769","Rua Fábio Lopes dos Santos Luz",1,10000,True,False
"ZSVA0050","-23.626354805689452;-46.74229781807842","Rua Francisco José da Silva",1,10000,True,False
"ZSVA0051","-23.627883461352376;-46.73978973341873","Rua Francisco Pessoa",1,10000,True,False
"ZSVA0052","-23.62562412704346;-46.735669116232735","Rua Frei Duarte Jorge de Mendonça",1,10000,True,False
"ZSVA0053","-23.635603592834784;-46.734267673902735","Rua Germano Ulbrich",1,10000,True,False
"ZSVA0054","-23.630566266988946;-46.73542697390277","Rua Itacaiúna",1,10000,True,False
"ZSVA0055","-23.631952219007538;-46.73217072972732","Rua Itajará",1,10000,False,False
"ZSVA0056","-23.62966628214135;-46.732003473903006","Rua Itamataí",1,10000,True,False
"ZSVA0057","-23.62731206015181;-46.73360887390281","Rua Itamira",1,10000,True,False
"ZSVA0058","-23.632565287362283;-46.730154702737856","Rua Itanhatim",1,10000,True,False
"ZSVA0059","-23.630645883905444;-46.731125945067824","Rua Itapecoca",1,10000,True,False
"ZSVA0060","-23.631296155936823;-46.73367740273776","Rua Itapimirum",1,10000,True,False
"ZSVA0061","-23.629756282303383;-46.73256917390293","Rua Itatupã",1,10000,True,False
"ZSVA0062","-23.627677943292145;-46.73429691807843","Rua Iubatinga",1,10000,True,False
"ZSVA0063","-23.63264817136357;-46.733959802738056","Rua Iuru",1,10000,True,False
"ZSVA0064","-23.629942348729408;-46.735263789243255","Rua Ivora",1,10000,True,False
"ZSVA0065","-23.629089539715416;-46.73329418924328","Rua Jamanari",1,10000,True,False
"ZSVA0066","-23.630154599929178;-46.73481184506775","Rua Jandiatuba",1,10000,False,False
"ZSVA0067","-23.631096601342833;-46.732762631573024","Rua Janga",1,10000,False,False
"ZSVA0068","-23.62319921100289;-46.74062591807857","Rua José Coimbra",1,10000,True,False
"ZSVA0069","-23.625434963264944;-46.74127467574868","Rua José da Mota",1,10000,True,False
"ZSVA0070","-23.625006003362092;-46.74118933157311","Rua José da Silva Ribeiro",1,10000,True,False
"ZSVA0071","-23.624577902623393;-46.738269245067826","Rua José de Oliveira Coelho",1,10000,True,False
"ZSVA0072","-23.6244950914372;-46.73928951807841","Rua José Gonçalves",1,10000,False,False
"ZSVA0073","-23.634043476829152;-46.73287067574846","Rua José Ramon Urtiza",1,10000,False,False
"ZSVA0074","-23.63559423691373;-46.74197358924319","Rua Maria José da Conceição",1,10000,False,False
"ZSVA0075","-23.63043243750626;-46.73770120273801","Rua Nelson Gama de Oliveira",1,10000,False,False
"ZSVA0076","-23.627597296091764;-46.74200907205717","Rua Nicola Rollo",1,10000,True,False
"ZSVA0077","-23.63477957798917;-46.73498500273782","Rua Olávo Leite",1,10000,True,False
"ZSVA0078","-23.63459180433787;-46.728165102737826","Rua Ribeirão da Prata",1,10000,True,False
"ZSVA0079","-23.63436813279209;-46.73563241623263","Rua Sophia Ambuba",1,10000,False,False
"ZSCB0001","-23.621111527527525;-46.66583073132727","Rua Afonso Bandeira de Melo",2,10000,True,False
"ZSCB0002","-23.619367813783843;-46.66721278714479","Rua Agrovila",2,10000,True,False
"ZSCB0003","-23.620298865275196;-46.67146667550975","Rua Ai-Pixuna",2,10000,True,False
"ZSCB0004","-23.628377379820304;-46.673115789000114","Rua Além-Mar",2,10000,True,False
"ZSCB0005","-23.624037172005327;-46.668822189000196","Rua Alexandrina Rosa",2,10000,True,False
"ZSCB0006","-23.618807342287578;-46.67297966016381","Rua Anésio Martins de Siqueira",2,10000,True,False
"ZSCB0007","-23.62432219455155;-46.67224877550961","Rua Anseriz",2,10000,True,False
"ZSCB0008","-23.61413490205124;-46.66933070249095","Rua Antônio Comparato",2,10000,True,False
"ZSCB0009","-23.621922408512503;-46.67502254296232","Rua Antônio de Macedo Soares",2,10000,True,False
"ZSCB0010","-23.61794843090292;-46.670614215981566","Rua Augusto Ribeiro Filho",2,10000,True,False
"ZSCB0011","-23.62133798670086;-46.675985687144895","Rua Barão de Jaceguai",2,10000,True,False
"ZSCB0012","-23.62124786698356;-46.6662220736544","Rua Barão de Mambucaba",2,10000,True,False
"ZSCB0013","-23.618781632465357;-46.66463663132741","Rua Barão de Vallim",2,10000,True,False
"ZSCB0014","-23.621446097219987;-46.678316015981196","Rua Barão do Sabará",2,10000,False,False
"ZSCB0015","-23.626634265154298;-46.67787478714465","Rua Bernardino de Campos",2,10000,True,False
"ZSCB0016","-23.623010229681515;-46.66786216016362","Rua Brigadeiro Godofredo Vidal",2,10000,True,False
"ZSCB0017","-23.614598694230747;-46.670491702491","Rua Camandocaia",2,10000,True,False
"ZSCB0018","-23.62663974720224;-46.66487961598129","Rua Casarias",2,10000,True,False
"ZSCB0019","-23.62036056538627;-46.67288610249079","Rua Cleide",2,10000,True,False
"ZSCB0020","-23.62261030985419;-46.67423711598133","Rua Conde de Porto Alegre",2,10000,True,False
"ZSCB0021","-23.622369709384945;-46.66652147365445","Rua Confiteor",2,10000,True,False
"ZSCB0022","-23.620559816025732;-46.67694864667324","Rua Constantino de Sousa",2,10000,True,False
"ZSCB0023","-23.628188832623955;-46.672060117836594","Rua Cristóvão Pereira",2,10000,True,False
"ZSCB0024","-23.617372890193334;-46.67232424667343","Rua Demóstenes",2,10000,True,False
"ZSCB0025","-23.61540074746002;-46.66952938714505","Rua Domingos Lopes",2,10000,True,False
"ZSCB0026","-23.625180274063442;-46.6787599006353","Rua Doutor Diógenes Certain",2,10000,True,False
"ZSCB0027","-23.62254689911909;-46.67725091783677","Rua Doutor Estácio Coimbra",2,10000,True,False
"ZSCB0028","-23.619888634540985;-46.67085156016376","Rua Doutor Jesuíno Maciel",2,10000,True,False
"ZSCB0029","-23.616393558245466;-46.66918481783689","Rua Doutor Oscavo de Paula e Silva",2,10000,True,False
"ZSCB0030","-23.621685187221725;-46.67555711598143","Rua Édison",2,10000,True,False
"ZSCB0031","-23.622592450237526;-46.679388587144956","Rua Fausto Delduque",2,10000,True,False
"ZSCB0032","-23.622713061150627;-46.67587821598134","Rua Gabriele D'Annunzio",2,10000,True,False
"ZSCB0033","-23.614623694279544;-46.67741090249098","Rua Gil Eanes",2,10000,True,False
"ZSCB0034","-23.62716060707989;-46.66390837179882","Rua Itumbiara",2,10000,True,False
"ZSCB0035","-23.62290662113117;-46.67308796016381","Rua João Álvares Soares",2,10000,True,False
"ZSCB0036","-23.622263928449936;-46.67311470249076","Rua João de Sousa Dias",2,10000,True,False
"ZSCB0037","-23.61506092548914;-46.66942886016393","Rua Jorge N. Haidar",2,10000,True,False
"ZSCB0038","-23.623567560323053;-46.679394102490754","Rua José dos Santos Júnior",2,10000,True,False
"ZSCB0039","-23.618443061934606;-46.66647870063537","Rua José Garbuio",2,10000,True,False
"ZSCB0040","-23.61856926216172;-46.669889487144864","Rua José Manzini",2,10000,True,False
"ZSCB0041","-23.62313965138686;-46.67111388900027","Rua Júlio Rua Perez",2,10000,True,False
"ZSCB0042","-23.619474353619122;-46.666054973654255","Rua Maria Perez Auge",2,10000,True,False
"ZSCB0043","-23.617233259756887;-46.670740917836824","Rua Morais de Barros",2,10000,True,False
"ZSCB0044","-23.619993284683783;-46.67249910249083","Rua Noel Torezin",2,10000,True,False
"ZSCB0045","-23.6223168496586;-46.67215651783678","Rua Olavo Santos Bicudo",2,10000,True,False
"ZSCB0046","-23.617119529348788;-46.669045987145005","Rua Otávio Tarquínio de Sousa",2,10000,False,False
"ZSCB0047","-23.622737188799892;-46.66908050249071","Rua Panapoi",2,10000,True,False
"ZSCB0048","-23.620539286037996;-46.671663844817886","Rua Pascal",2,10000,True,False
"ZSCB0049","-23.626501158448388;-46.66301891783668","Rua Rafael Iório",2,10000,True,False
"ZSCB0050","-23.625433644940042;-46.67236068714479","Rua República do Iraque",2,10000,True,False
"ZSCB0051","-23.625423256183957;-46.663640102490646","Rua Sapoti",2,10000,True,False
"ZSCB0052","-23.622353458410636;-46.679161502490885","Rua Sargento José Roque da Silva",2,10000,False,False
"ZSCB0053","-23.62505283698922;-46.66791276016362","Rua Selma",2,10000,True,False
"ZSCB0054","-23.631027109644286;-46.673138802490634","Rua Sônia Ribeiro",2,10000,True,False
"ZSCB0055","-23.620047994808058;-46.6733495601639","Rua Tejereba",2,10000,True,False
"ZSCB0056","-23.62099276652434;-46.66468613132715","Rua Unapitinga",2,10000,True,False
"ZSCB0057","-23.626990847860878;-46.67234864481763","Rua Vicente Leporace",2,10000,True,False
"ZSCB0058","-23.622209568714933;-46.67140014481787","Rua Vieira de Morais",2,10000,True,False
"ZSCB0059","-23.62559045653505;-46.67411816016368","Rua Volta Redonda",2,10000,True,False
"ZOBT0001","-23.560650858026467;-46.744096445030394","Rua das Paineiras",3,10000,True,False
"ZOBT0002","-23.577913521055468;-46.72690738735926","Rua Emanuel Guedes",3,10000,True,False
"ZOBT0003","-23.57711082199757;-46.73066291619475","Rua João Firvida Blanco",3,10000,True,False
"ZOBT0004","-23.573201213581367;-46.72268031619473","Rua José Benedito Macedo",3,10000,True,False
"ZOBT0005","-23.573463081041538;-46.724370302701104","Rua José de Moraes Ferraz",3,10000,True,False
"ZOBT0006","-23.57467591645198;-46.72740040454929","Rua Luís Ferraz de Oliveira",3,10000,True,False
"ZOBT0007","-23.576684286537343;-46.729473460372","Rua Paulo Ângelo Lanzarini",3,10000,True,False
"ZOBT0008","-23.577418954510975;-46.727225389207575","Rua Raul Noce",3,10000,True,False
"ZOBT0009","-23.56891013904506;-46.70527297386583","Rua Agostinho Cantu",3,10000,True,False
"ZOBT0010","-23.561496597038772;-46.711385202701386","Rua Alexandre Marcondes Machado",3,10000,True,False
"ZOBT0011","-23.570014538724248;-46.71158008735937","Rua Alvarenga",3,10000,True,False
"ZOBT0012","-23.566425668398473;-46.70582383153681","Rua Álvares Florence",3,10000,True,False
"ZOBT0013","-23.56831253477451;-46.70442784687865","Rua Blandina Ratto",3,10000,True,False
"ZOBT0014","-23.572239078842298;-46.709731531536704","Rua Camargo",3,10000,True,False
"ZOBT0015","-23.56430656459202;-46.72034997386589","Rua Carlos Chagas",3,10000,True,False
"ZOBT0016","-23.570664876013968;-46.706760345030304","Rua Catequese",3,10000,True,False
"ZOBT0017","-23.56854040758156;-46.71010583153682","Rua Coronel Palimércio de Rezende",3,10000,True,False
"ZOBT0018","-23.56141738752306;-46.72247400454969","Rua da Biblioteca",3,10000,True,False
"ZOBT0019","-23.560340188552985;-46.7220314315369","Rua da Praça do Relógio",3,10000,True,False
"ZOBT0020","-23.55954439055773;-46.725782816195036","Rua da Reitoria",3,10000,True,False
"ZOBT0021","-23.571230677030467;-46.704681773865744","Rua Desembargador Armando Fairbanks",3,10000,True,False
"ZOBT0022","-23.55916362080931;-46.72248068920773","Rua do Anfiteatro",3,10000,True,False
"ZOBT0023","-23.56313669949328;-46.72758831619502","Rua do Lago",3,10000,True,False
"ZOBT0024","-23.56000762238824;-46.73225733153679","Rua do Matão",3,10000,True,False
"ZOBT0025","-23.575601784884505;-46.70961418735924","Rua Dráusio",3,10000,True,False
"ZOBT0026","-23.564422828195426;-46.71971797386585","Rua Emil Von Behring",3,10000,True,False
"ZOBT0027","-23.56657446866571;-46.718921360372256","Rua Emílio Ribas",3,10000,False,False
"ZOBT0028","-23.57097210924236;-46.70785553153665","Rua Engenheiro Bianor",3,10000,True,False
"ZOBT0029","-23.56165575983103;-46.70873028735954","Rua Engenheiro João de Ulhoa Cintra",3,10000,True,False
"ZOBT0030","-23.563375025999658;-46.709297562220584","Rua Engenheiro Teixeira Soares",3,10000,True,False
"ZOBT0031","-23.575817518476708;-46.71052246222024","Rua Esperanto",3,10000,True,False
"ZOBT0032","-23.56950300377003;-46.71068123153671","Rua Estevão Lopes",3,10000,True,False
"ZOBT0033","-23.565542498675494;-46.709401416194964","Rua Gaspar Moreira",3,10000,True,False
"ZOBT0034","-23.569654837889487;-46.70358394687854","Rua Gerivatiba",3,10000,True,False
"ZOBT0035","-23.5604874577329;-46.71101290270138","Rua Hans Staden",3,10000,True,False
"ZOBT0036","-23.56721283404242;-46.718319818043256","Rua Henrique da Rocha Lima",3,10000,True,False
"ZOBT0037","-23.564389964741824;-46.70873957386591","Rua Hilário Magro Junior",3,10000,True,False
"ZOBT0038","-23.57162147606262;-46.70334326037222","Rua Lemos Monteiro",3,10000,True,False
"ZOBT0039","-23.57211911220365;-46.708562258523834","Rua M.M.D.C.",3,10000,True,False
"ZOBT0040","-23.57544871792438;-46.70900644687832","Rua Martins",3,10000,False,False
"ZOBT0041","-23.575451951313013;-46.708141231536636","Rua Miragaia",3,10000,True,False
"ZOBT0042","-23.566241904140853;-46.70855551619492","Rua Modesto Tavares de Lima",3,10000,True,False
"ZOBT0043","-23.567861370977507;-46.71162363153679","Rua Moncorvo Filho",3,10000,True,False
"ZOBT0044","-23.566951735380297;-46.710728731536705","Rua Moura Brasil",3,10000,True,False
"ZOBT0045","-23.567265598410586;-46.70646646222052","Rua Murtinho Nobre",3,10000,True,False
"ZOBT0046","-23.562128523387678;-46.70924774687872","Rua Pedro Bruno",3,10000,True,False
"ZOBT0047","-23.570151106480235;-46.706071862220526","Rua Pirajussara",3,10000,True,False
"ZOBT0048","-23.55406384619836;-46.67974778920795","Rua Professor Ernesto de Moraes Leme",3,10000,True,False
"ZOBT0049","-23.570049574908516;-46.73815923153675","Rua Professor Gabriel Silvestre Teixeira de Carvalho",3,10000,True,False
"ZOBT0050","-23.562661398781938;-46.70910774318226","Rua Professor Guilherme Milward",3,10000,True,False
"ZOBT0051","-23.565332502779818;-46.70847568735932","Rua Professor Horácio Berlinck",3,10000,True,False
"ZOBT0052","-23.56865297239954;-46.740396104549575","Rua Professor Orlando Marques Paiva",3,10000,True,False
"ZOBT0053","-23.56859360461311;-46.7132324296885","Rua Raul Saddi",3,10000,True,False
"ZOBT0054","-23.572571579439686;-46.710642831536724","Rua Reação",3,10000,True,False
"ZOBT0055","-23.56502089766048;-46.71866814687874","Rua Rudolf Virchow",3,10000,False,False
"ZOBT0056","-23.568301139493997;-46.70576048920774","Rua Romão Gomes",3,10000,True,False
"ZOBT0057","-23.570134908787384;-46.7096051431822","Rua Salvador Garcia",3,10000,True,False
"ZOBT0058","-23.57400971515511;-46.70961054687839","Rua Sapetuba",3,10000,True,False
"ZOBT0059","-23.562140860702367;-46.71098448920788","Rua Stan Getz",3,10000,True,False
"ZOBT0060","-23.565017697654163;-46.7102045892077","Rua Valdomiro Guilherme de Campos",3,10000,True,False
"ZOBT0061","-23.563938392994384;-46.71887723338512","Rua Vítor Salcedo Garcia",3,10000,True,False
"ZOVL0001","-23.52211237754149;-46.73317209502067","Rua Alfenas",4,10000,False,False
"ZOVL0002","-23.519871110440597;-46.733221025709256","Rua Antônio Pedroso",4,10000,True,False
"ZOVL0003","-23.533231355338682;-46.7316123870809","Rua Aroaba",4,10000,True,False
"ZOVL0004","-23.536172976430787;-46.72758858708","Rua Barão de Sergi",4,10000,True,False
"ZOVL0005","-23.532618205030957;-46.73248742570531","Rua Baumann",4,10000,True,False
"ZOVL0006","-23.536175590712542;-46.727773248984526","Rua Blumenau",4,10000,True,False
"ZOVL0007","-23.530115986343592;-46.73893544105002","Rua Bruno Bauer",4,10000,True,False
"ZOVL0008","-23.52626465758428;-46.732495364331484","Rua Camândulas",4,10000,True,False
"ZOVL0009","-23.527702826249147;-46.7295182950189","Rua Carlos Weber",4,10000,True,False
"ZOVL0010","-23.52296657938784;-46.73545247174019","Rua Carneiro da Silva",4,10000,True,False
"ZOVL0011","-23.519635158308095;-46.73155692570934","Rua Cleomenes Campos",4,10000,True,False
"ZOVL0012","-23.52310958783367;-46.73430941036427","Rua Columbus",4,10000,True,False
"ZOVL0013","-23.525156412638708;-46.73413795639545","Rua Coronel Domingos Ramos",4,10000,True,False
"ZOVL0014","-23.528707728757837;-46.734466979674664","Rua Coronel Rafael de Castro Bueno",4,10000,True,False
"ZOVL0015","-23.527903222509675;-46.733854648458355","Rua Dolores Valentim de Souza",4,10000,True,False
"ZOVL0016","-23.5254368880638;-46.73365392570762","Rua Doutor Ambrógio Bonomi",4,10000,True,False
"ZOVL0017","-23.52966177655485;-46.732956625706244","Rua Doutor Seidel",4,10000,True,False
"ZOVL0018","-23.529406940503307;-46.7308451638018","Rua Frei Tito",4,10000,True,False
"ZOVL0019","-23.52363024075167;-46.73545043311573","Rua Frederico Wolf",4,10000,True,False
"ZOVL0020","-23.53145454259975;-46.73360985639357","Rua Froben",4,10000,True,False
"ZOVL0021","-23.51650555967097;-46.72646502738266","Rua George Westinghouse",4,10000,True,False
"ZOVL0022","-23.532877123745703;-46.72467000242493","Rua Gonçalves Freire",4,10000,True,False
"ZOVL0023","-23.520273112852045;-46.73071763311678","Rua Guaipá",4,10000,True,False
"ZOVL0024","-23.530273374040963;-46.73927876380161","Rua Hassib Mofarrej",4,10000,True,False
"ZOVL0025","-23.531775652586475;-46.73766478708133","Rua Hayden",4,10000,True,False
"ZOVL0026","-23.536704348625147;-46.727578948984366","Rua Itanhandu",4,10000,True,False
"ZOVL0027","-23.519798907955515;-46.72748996433356","Rua Jacinto Kerry Valente",4,10000,True,False
"ZOVL0028","-23.52638075845119;-46.7374063796754","Rua Jaguaré Mirim",4,10000,False,False
"ZOVL0029","-23.536930758873577;-46.73259638707969","Rua Japiacu",4,10000,True,False
"ZOVL0030","-23.519072954079203;-46.731380248461086","Rua Lauriano Fernandes Júnior",4,10000,True,False
"ZOVL0031","-23.519059453757837;-46.72636578708534","Rua Matias Roxo",4,10000,True,False
"ZOVL0032","-23.52837613188094;-46.73871405639448","Rua Mergenthaler",4,10000,True,False
"ZOVL0033","-23.5281281825997;-46.730065733114294","Rua Milton Lodetti",4,10000,True,False
"ZOVL0034","-23.520164310027873;-46.73138617914872","Rua Monsenhor Domingos Casarin",4,10000,True,False
"ZOVL0035","-23.519620407241632;-46.7258774177731","Rua Monsenhor Moura",4,10000,True,False
"ZOVL0036","-23.531826083779606;-46.73189633311321","Rua Nagel",4,10000,True,False
"ZOVL0037","-23.52942018114742;-46.7263527870821","Rua Nanuque",4,10000,True,False
"ZOVL0038","-23.53109950099224;-46.74181016432995","Rua Othão",4,10000,True,False
"ZOVL0039","-23.528044712749214;-46.73283205639464","Rua Padre Melitón Viguera Penillos",4,10000,True,False
"ZOVL0040","-23.528766259341886;-46.72971396380189","Rua Passa Três",4,10000,True,False
"ZOVL0041","-23.5328837695884;-46.726813448456745","Rua Paulo Franco",4,10000,False,False
"ZOVL0042","-23.538953920377445;-46.73572007967143","Rua Professor Ariovaldo Silva",4,10000,True,False
"ZOVL0043","-23.52599889930819;-46.732349071739236","Rua Quiari",4,10000,False,False
"ZOVL0044","-23.528808364852935;-46.72982676433072","Rua São José da Barra",4,10000,True,False
"ZOVL0045","-23.534254853556693;-46.724306333641124","Rua São Justiniano",4,10000,True,False
"ZOVL0046","-23.528623181018393;-46.72743284105047","Rua Schilling",4,10000,True,False
"ZOVL0047","-23.523464388039447;-46.73492610242788","Rua Sebastião Bach",4,10000,True,False
"ZOVL0048","-23.519522557076332;-46.72631040242913","Rua Sebastião de Paiva",4,10000,True,False
"ZOVL0049","-23.527931817346065;-46.74048782570676","Rua Senador Joaquim Ribeiro do Valle",4,10000,True,False
"ZOVL0050","-23.52842707943673;-46.72821227173842","Rua Setúbal",4,10000,True,False
"ZOVL0051","-23.526045499614337;-46.73333984845896","Rua Trípoli",4,10000,True,False
"ZOVL0052","-23.52912391383555;-46.73033032570643","Rua Visconde D'Asseca",4,10000,True,False
"ZOVL0053","-23.53108715455848;-46.73833234898598","Rua Xavier Krauss",4,10000,True,False
"ZLIT0001","-23.54776233488609;-46.457585873802834","Rua Abelardo Luz",5,10000,True,False
"ZLIT0002","-23.543196162432316;-46.45648341798191","Rua Acotipa",5,10000,True,False
"ZLIT0003","-23.541982203681464;-46.4431567603103","Rua Alayde de Souza Costa",5,10000,True,False
"ZLIT0004","-23.539304183674687;-46.45517076031041","Rua Américo Salvador Novelli",5,10000,False,False
"ZLIT0005","-23.54380731362773;-46.45101220263872","Rua Andiratuba",5,10000,True,False
"ZLIT0006","-23.539485636157863;-46.44313641798199","Rua Antônio Gandini",5,10000,True,False
"ZLIT0007","-23.530249119923962;-46.44429647380323","Rua Antônio Moura Andrade",5,10000,True,False
"ZLIT0008","-23.537142643441715;-46.44450188729584","Rua Antônio Pralon",5,10000,True,False
"ZLIT0009","-23.54265916885849;-46.45626020263887","Rua Antônio Soares Lara",5,10000,True,False
"ZLIT0010","-23.545733860143862;-46.45492950263877","Rua Baixada Santista",5,10000,True,False
"ZLIT0011","-23.543677784643904;-46.456779102638826","Rua Barra de Guabiraba",5,10000,True,False
"ZLIT0012","-23.53990478479729;-46.45483414496723","Rua Barros Cassal",5,10000,True,False
"ZLIT0013","-23.550103674313732;-46.45764324496715","Rua Benedito Coelho Netto",5,10000,True,False
"ZLIT0014","-23.551257111437355;-46.45991580263867","Rua Boleeiro",5,10000,True,False
"ZLIT0015","-23.54160561625911;-46.444617429624174","Rua Botuporã",5,10000,True,False
"ZLIT0016","-23.55174363673076;-46.45902598914601","Rua Brígida de Vasconcelos",5,10000,True,False
"ZLIT0017","-23.54317341220556;-46.4533847449672","Rua Campinas do Piauí",5,10000,True,False
"ZLIT0018","-23.544655286786856;-46.45903744681752","Rua Castelo do Piauí",5,10000,True,False
"ZLIT0019","-23.543306598356295;-46.45417826031022","Rua Colombo",5,10000,True,False
"ZLIT0020","-23.54271596160632;-46.45148704496721","Rua Colonial das Missoes",5,10000,True,False
"ZLIT0021","-23.54474078696597;-46.456565173802936","Rua do Ipê Rosa",5,10000,True,False
"ZLIT0022","-23.53725815222109;-46.45156480263889","Rua Doutor Aureliano Barreiros",5,10000,True,False
"ZLIT0023","-23.541607852121786;-46.454078217981895","Rua Dudu",5,10000,True,False
"ZLIT0024","-23.538025609031987;-46.445991146817626","Rua Engenheiro Villares da Silva",5,10000,True,False
"ZLIT0025","-23.542804468319392;-46.457289075653364","Rua Euzébio Bento Barbosa",5,10000,True,False
"ZLIT0026","-23.539185303259345;-46.45386640263889","Rua Flores do Piauí",5,10000,True,False
"ZLIT0027","-23.54798779990823;-46.455168646817505","Rua Fontoura Xavier",5,10000,True,False
"ZLIT0028","-23.537999645107593;-46.443968017981945","Rua Genaro Teófilo",5,10000,True,False
"ZLIT0029","-23.534000728056128;-46.452497502638934","Rua Geraldo Vieira de Castro",5,10000,True,False
"ZLIT0030","-23.53713767104792;-46.45510487565362","Rua Gregório Ramalho",5,10000,True,False
"ZLIT0031","-23.540891122554175;-46.45534441798199","Rua Heitor",5,10000,True,False
"ZLIT0032","-23.543574563083006;-46.45934264496717","Rua Ibipitanga",5,10000,True,False
"ZLIT0033","-23.539661820348364;-46.45271751798183","Rua Ignácio Alves de Mattos",5,10000,True,False
"ZLIT0034","-23.54702552720253;-46.45314371613149","Rua Isabel Redentora",5,10000,True,False
"ZLIT0035","-23.55091929990513;-46.46107426030995","Rua Itapitanga",5,10000,True,False
"ZLIT0036","-23.545211665898794;-46.45603070448914","Rua Jacinto Machado",5,10000,True,False
"ZLIT0037","-23.53521321236653;-46.45368175660966","Rua João Radaic Benegulo",5,10000,True,False
"ZLIT0038","-23.544006435190017;-46.458496275653346","Rua José Manuel Martins",5,10000,True,False
"ZLIT0039","-23.539720464464146;-46.45350680263889","Rua Ken Sugaya",5,10000,False,False
"ZLIT0040","-23.549889897749093;-46.45391090448907","Rua Lagoa do Campelo",5,10000,True,False
"ZLIT0041","-23.55248740832242;-46.45552802962395","Rua Lagoa Tai Grande",5,10000,True,False
"ZLIT0042","-23.54489322973641;-46.458105373803015","Rua Maragogi",5,10000,True,False
"ZLIT0043","-23.53471331146964;-46.445601258460115","Rua Maria Baumann Mendonça",5,10000,True,False
"ZLIT0044","-23.536935568940795;-46.44507507380313","Rua Narciso Araújo",5,10000,True,False
"ZLIT0045","-23.553636165772776;-46.45884444496707","Rua Ovelheiro",5,10000,True,False
"ZLIT0046","-23.536599314853333;-46.456759673803305","Rua Padre Viegas de Menezes",5,10000,True,False
"ZLIT0047","-23.54915424917096;-46.45457243147439","Rua Paes Landin",5,10000,True,False
"ZLIT0048","-23.545306437231464;-46.451984431474465","Rua Palma Sola",5,10000,False,False
"ZLIT0049","-23.5445356647361;-46.454477714281005","Rua Palmitinho",5,10000,True,False
"ZLIT0050","-23.54564973109414;-46.45551664496712","Rua Paranatama",5,10000,True,False
"ZLIT0051","-23.53434278361311;-46.442406916131716","Rua Paulino Serqueira",5,10000,True,False
"ZLIT0052","-23.542268004087465;-46.45593230263874","Rua Paulo de Tarso Rodrigues",5,10000,True,False
"ZLIT0053","-23.545298001632382;-46.459726516131376","Rua Pinheiro Preto",5,10000,True,False
"ZLIT0054","-23.550375680399554;-46.46063990263862","Rua Ponte Serrada",5,10000,True,False
"ZLIT0055","-23.53591673135572;-46.44342034496751","Rua Professor Leonídio Allegretti",5,10000,True,False
"ZLIT0056","-23.54396519238752;-46.44435010263874","Rua Rio Canabrava",5,10000,True,False
"ZLIT0057","-23.54677153310766;-46.458183044967164","Rua Rosário Tudda",5,10000,True,False
"ZLIT0058","-23.544332693074495;-46.445894744967255","Rua Sabbado D'Ângelo",5,10000,True,False
"ZLIT0059","-23.546740310441393;-46.45943234496717","Rua Santa Cruz do Piauí",5,10000,True,False
"ZLIT0060","-23.53903748317616;-46.44657843147453","Rua São Francisco do Piauí",5,10000,True,False
"ZLIT0061","-23.5477996057481;-46.46014255845977","Rua São Gonçalo do Piauí",5,10000,True,False
"ZLIT0062","-23.54712777554143;-46.45664968729572","Rua Senador Georgino Avelino",5,10000,True,False
"ZLIT0063","-23.536617359824568;-46.44564556031029","Rua Tacaimbó",5,10000,True,False
"ZLIT0064","-23.540992694549978;-46.45927804681781","Rua Tomazzo Ferrara",5,10000,True,False
"ZLIT0065","-23.544760093873656;-46.45854958914595","Rua Tubarão",5,10000,True,False
"ZLIT0066","-23.546055116064238;-46.45288867380308","Rua Victório Lazzari",5,10000,True,False
"ZLIT0067","-23.548522077626952;-46.45840427380281","Rua Waldemar Mancini",5,10000,True,False
"ZLMC0001","-23.552621553838847;-46.602208187399235","Rua Acioli de Vasconcelos",6,1000,True,False
"ZLMC0002","-23.55846494274141;-46.60211188739889","Rua Adelaide de Freitas",6,1000,True,False
"ZLMC0003","-23.556428424209315;-46.59023134691491","Rua Adolfo Bergamini",6,1000,True,False
"ZLMC0004","-23.549260302287625;-46.60833828924482","Rua Almirante Brasil",6,1000,True,False
"ZLMC0005","-23.55240151332056;-46.58965067575008","Rua Antônio Rocco",6,1000,True,False
"ZLMC0006","-23.555554965937713;-46.61985770273952","Rua Andrade Reis",6,1000,True,False
"ZLMC0007","-23.557644229932507;-46.59428448924461","Rua Antunes Maciel",6,1000,True,False
"ZLMC0008","-23.555628379386704;-46.58613120273944","Rua Arabutá",6,1000,True,False
"ZLMC0009","-23.559955818835224;-46.602739819925496","Rua Araribóia",6,1000,False,False
"ZLMC0010","-23.57001640979107;-46.595552033419864","Rua Barão de Monte Santo",6,1000,True,False
"ZLMC0011","-23.55146384153059;-46.605568875750066","Rua Barra do Turvo",6,1000,True,False
"ZLMC0012","-23.5599088532249;-46.59328274506915","Rua Bastos Barreto",6,1000,True,False
"ZLMC0013","-23.556603146546678;-46.588031987399","Rua Benjamin Reis",6,1000,True,False
"ZLMC0014","-23.550405310035607;-46.60121490273948","Rua Benta Dias",6,1000,True,False
"ZLMC0015","-23.55452161212678;-46.59479670273945","Rua Bernardo Francisco",6,1000,True,False
"ZLMC0016","-23.566041269806306;-46.59028604322337","Rua Bixira",6,1000,True,False
"ZLMC0017","-23.56069705810939;-46.60566707390438","Rua Borges de Figueiredo",6,1000,True,False
"ZLMC0018","-23.5634156351899;-46.59800565638355","Rua Camé",6,1000,True,False
"ZLMC0019","-23.55566371624682;-46.61297767172993","Rua Canavieiras",6,1000,True,False
"ZLMC0020","-23.54715330598072;-46.60826522570066","Rua Canto da Vida",6,1000,True,False
"ZLMC0021","-23.56161828452812;-46.60234070241595","Rua Canuto Saraiva",6,1000,True,False
"ZLMC0022","-23.569906522811365;-46.59321002569367","Rua Carlos Venture",6,1000,True,False
"ZLMC0023","-23.55130582251426;-46.595488917763035","Rua Catarina Braida",6,1000,True,False
"ZLMC0024","-23.549662150780794;-46.60240647173179","Rua Catarina Cortez",6,1000,True,False
"ZLMC0025","-23.552841255555315;-46.60265495638693","Rua Cavalheiro Rodolfo Crespi",6,1000,True,False
"ZLMC0026","-23.55313919813112;-46.59055642569889","Rua Cipó da Mata",6,1000,True,False
"ZLMC0027","-23.55383972191514;-46.598081641042654","Rua Clark",6,1000,True,False
"ZLMC0028","-23.560190699498307;-46.60446887172856","Rua Conselheiro Benevides",6,1000,True,False
"ZLMC0029","-23.555968435279283;-46.61368640241775","Rua Conselheiro João Alfredo",6,1000,True,False
"ZLMC0030","-23.549478517318068;-46.609496225700106","Rua Conselheiro Lafaiette",6,1000,True,False
"ZLMC0031","-23.551932709943813;-46.6239238870751","Rua Coronel Bento Pires",6,1000,True,False
"ZLMC0032","-23.554396964855933;-46.62039492569855","Rua Coronel Cintra",6,1000,True,False
"ZLMC0033","-23.55658968415287;-46.61256864104173","Rua Coronel João Dente",6,1000,True,False
"ZLMC0034","-23.559243828142403;-46.59947292569693","Rua Curupace",6,1000,False,False
"ZLMC0035","-23.56060731419063;-46.593990641040484","Rua Dias Leme",6,1000,True,False
"ZLMC0036","-23.55322639875682;-46.623148979667","Rua do Lirismo",6,1000,True,False
"ZLMC0037","-23.554584447852957;-46.618953087074246","Rua Dom Bosco",6,1000,True,False
"ZLMC0038","-23.55582396159433;-46.596446271729825","Rua Domingos de Oliveira",6,1000,True,False
"ZLMC0039","-23.554738731034508;-46.593775102418086","Rua Donatarios",6,1000,True,False
"ZLMC0040","-23.557065596813167;-46.602390271729575","Rua dos Bancários",6,1000,True,False
"ZLMC0041","-23.554974389780572;-46.59361132569832","Rua dos Campineiros",6,1000,True,False
"ZLMC0042","-23.55352512159933;-46.59562741776242","Rua dos Capitães Generais",6,1000,True,False
"ZLMC0043","-23.5554806104647;-46.59488996432242","Rua dos Capitães Mores",6,1000,True,False
"ZLMC0044","-23.554829792500158;-46.588954625698314","Rua dos Pássaros",6,1000,True,False
"ZLMC0045","-23.55230867214562;-46.59922797173095","Rua dos Trilhos",6,1000,True,False
"ZLMC0046","-23.569210968933227;-46.59526305287548","Rua Doutor Adriano de Barros",6,1000,True,False
"ZLMC0047","-23.56138113363051;-46.603664056384126","Rua Doutor Eduardo Gonçalves",6,1000,True,False
"ZLMC0048","-23.56327504438634;-46.60063012569574","Rua Ezequiel Ramos",6,1000,True,False
"ZLMC0049","-23.564800854425833;-46.60146448707106","Rua Francisco Otaviano",6,1000,True,False
"ZLMC0050","-23.54768737622035;-46.60686492570056","Rua Frei Gaspar",6,1000,True,False
"ZLMC0051","-23.56326837082814;-46.594189664319906","Rua Guaimbé",6,1000,True,False
"ZLMC0052","-23.54678265252529;-46.605345117764564","Rua Guarapuava",6,1000,True,False
"ZLMC0053","-23.557022771633065;-46.60555855638552","Rua Guaratinguetá",6,1000,True,False
"ZLMC0054","-23.55875508614016;-46.60077430241681","Rua Guia Lopes",6,1000,True,False
"ZLMC0055","-23.557059249076612;-46.60134662569765","Rua Henrique Dantas",6,1000,True,False
"ZLMC0056","-23.54909148245276;-46.602200971731904","Rua Hipias",6,1000,True,False
"ZLMC0057","-23.554350906825984;-46.602432887074286","Rua Iolanda",6,1000,True,False
"ZLMC0058","-23.547098621228585;-46.608051710356875","Rua Ipanema",6,1000,True,False
"ZLMC0059","-23.55514257333475;-46.60276102569822","Rua Irene de Mello",6,1000,True,False
"ZLMC0060","-23.56668196680401;-46.588694087070465","Rua Isabel Dias",6,1000,True,False
"ZLMC0061","-23.550230674167754;-46.60193248707552","Rua Itajaí",6,1000,True,False
"ZLMC0062","-23.552387032742814;-46.604896756387035","Rua Javari",6,1000,True,False
"ZLMC0063","-23.55219489120036;-46.593423056387024","Rua Jerônimo de Mendonça",6,1000,True,False
"ZLMC0064","-23.558989664086912;-46.60463016432122","Rua João Antônio de Oliveira",6,1000,True,False
"ZLMC0065","-23.557761831304056;-46.60104847172927","Rua João Batista de Freitas",6,1000,True,False
"ZLMC0066","-23.549269411307346;-46.603976310356146","Rua João Caetano",6,1000,True,False
"ZLMC0067","-23.553945703918338;-46.589939002947034","Rua João da Costa",6,1000,True,False
"ZLMC0068","-23.553871642951314;-46.59101447173052","Rua João Pires",6,1000,True,False
"ZLMC0069","-23.551328225462584;-46.5890366796676","Rua Joaquim Lopes Figueira",6,1000,False,False
"ZLMC0070","-23.5646353169829;-46.59771807966345","Rua Jumana",6,1000,True,False
"ZLMC0071","-23.554516208012174;-46.59684342569844","Rua Juvenal Parada",6,1000,True,False
"ZLMC0072","-23.5588800732034;-46.59161187172883","Rua Leme da Silva",6,1000,True,False
"ZLMC0073","-23.559986408194938;-46.592893587072425","Rua Lemos Torres",6,1000,True,False
"ZLMC0074","-23.55650373281729;-46.60165175638583","Rua Leocádia Cintra",6,1000,True,False
"ZLMC0075","-23.554364185767078;-46.61575742569852","Rua Lins",6,1000,True,False
"ZLMC0076","-23.552945056908037;-46.61242622569891","Rua Lúcio Cardim",6,1000,True,False
"ZLMC0077","-23.5528748158578;-46.60917330241874","Rua Luís Guimarães",6,1000,True,False
"ZLMC0078","-23.56332857781856;-46.59415235638348","Rua Madre de Deus",6,1000,True,False
"ZLMC0079","-23.55631159857616;-46.6127579563858","Rua Manuel Peixoto da Mota",6,1000,True,False
"ZLMC0080","-23.551104164326564;-46.59622311776323","Rua Marcial",6,1000,True,False
"ZLMC0081","-23.555813934309295;-46.60426167966623","Rua Marina Crespi",6,1000,True,False
"ZLMC0082","-23.549572899680868;-46.601350871731945","Rua Messias de Pina",6,1000,True,False
"ZLMC0083","-23.552189351658132;-46.58917094104319","Rua Miraluz",6,1000,True,False
"ZLMC0084","-23.559091616863444;-46.59091191776073","Rua Moaci Sacomani",6,1000,True,False
"ZLMC0085","-23.55596197946028;-46.60851952569799","Rua Monsenhor João Felipo",6,1000,True,False
"ZLMC0086","-23.553702343829304;-46.62179228707445","Rua Naifer Nasser",6,1000,True,False
"ZLMC0087","-23.553228538529105;-46.609256817762564","Rua Nilo Peçanha",6,1000,True,False
"ZLMC0088","-23.54814004483457;-46.606507464324686","Rua Nova Trindade",6,1000,True,False
"ZLMC0089","-23.555380853329616;-46.60145492569819","Rua Olímpio Portugal",6,1000,True,False
"ZLMC0090","-23.556395321497074;-46.59201956379342","Rua Olívio D'Assunção Ferreira",6,1000,True,False
"ZLMC0091","-23.555491754092255;-46.60350338707395","Rua Orville Derby",6,1000,True,False
"ZLMC0092","-23.55440792846266;-46.61921690241823","Rua Oscar Horta",6,1000,True,False
"ZLMC0093","-23.552984737820893;-46.59230866432308","Rua Padre Benedito Maria Cardoso",6,1000,True,False
"ZLMC0094","-23.57177742938244;-46.58284887913248","Rua Padre Carlos da Silva",6,1000,True,False
"ZLMC0095","-23.560742752699035;-46.59600244844809","Rua Padre Raposo",6,1000,True,False
"ZLMC0096","-23.558349388487727;-46.59455317172913","Rua Padre Savino Agazzi",6,1000,True,False
"ZLMC0097","-23.559349091114793;-46.589669487072676","Rua Palmar",6,1000,True,False
"ZLMC0098","-23.547760994088378;-46.59384708707632","Rua Paquetá",6,1000,True,False
"ZLMC0099","-23.56032932500587;-46.59013651776034","Rua Pascoal Moreira",6,1000,True,False
"ZLMC0100","-23.55934058056219;-46.60211905638484","Rua Pedro de Lucena",6,1000,True,False
"ZLMC0101","-23.550583655830124;-46.60503444845117","Rua Pereira da Silva",6,1000,True,False
"ZLMC0102","-23.554065904780852;-46.600076525698604","Rua Piracanjuba",6,1000,True,False
"ZLMC0103","-23.55825368791548;-46.593617148448914","Rua Pires de Campos",6,1000,True,False
"ZLMC0104","-23.559985860503943;-46.59321578707258","Rua Porfírio Prado",6,1000,True,False
"ZLMC0105","-23.566973268720915;-46.60695043310221","Rua Presidente Costa Pereira",6,1000,True,False
"ZLMC0106","-23.565531831441543;-46.60856704103899","Rua Presidente Costa Pinto",6,1000,True,False
"ZLMC0107","-23.55853831322359;-46.594004525697216","Rua Professor João Roberto Soares Lima",6,1000,True,False
"ZLMC0108","-23.5477907011413;-46.59204165638847","Rua Professor Machado Tolosa",6,1000,True,False
"ZLMC0109","-23.5637460010757;-46.5988671410395","Rua Puris",6,1000,True,False
"ZLMC0110","-23.55522329567737;-46.590571125698176","Rua Roberto Lessa",6,1000,True,False
"ZLMC0111","-23.548550600698277;-46.60755344845185","Rua Rocha Pita",6,1000,True,False
"ZLMC0112","-23.551909928821978;-46.590271648450816","Rua Rodrigo Álvares",6,1000,True,False
"ZLMC0113","-23.557282504962675;-46.58981100241734","Rua Rodrigo Franco de Andrade",6,1000,True,False
"ZLMC0114","-23.553163879049997;-46.60786066432303","Rua Sacramento Blake",6,1000,True,False
"ZLMC0115","-23.55370436474674;-46.615172241042586","Rua San Gennaro",6,1000,True,False
"ZLMC0116","-23.556049457927546;-46.61563518707378","Rua Santo Hermeto",6,1000,True,False
"ZLMC0117","-23.570855625301178;-46.58508564103729","Rua São Nicásio",6,1000,True,False
"ZLMC0118","-23.55837183568203;-46.60207224897749","Rua São Rafael",6,1000,True,False
"ZLMC0119","-23.55025347436545;-46.59194727173158","Rua Sapucaia",6,1000,False,False
"ZLMC0120","-23.565246640511965;-46.601570348975294","Rua Sarapuí",6,1000,True,False
"ZLMC0121","-23.566937261526235;-46.588012033102174","Rua Sebastião Preto",6,1000,True,False
"ZLMC0122","-23.56803030501472;-46.59707101775791","Rua Sílica",6,1000,True,False
"ZLMC0123","-23.55281533640253;-46.609151987074725","Rua Simão Barbosa Franco",6,1000,True,False
"ZLMC0124","-23.552041690256075;-46.59025363310686","Rua Sousa Leão",6,1000,True,False
"ZLMC0125","-23.55102150213646;-46.60610201035558","Rua Sussui",6,1000,True,False
"ZLMC0126","-23.563233717696598;-46.60012669500785","Rua Tabajaras",6,1000,True,False
"ZLMC0127","-23.550878381909296;-46.60842557173144","Rua Tagi",6,1000,True,False
"ZLMC0128","-23.55111452399327;-46.59265848707534","Rua Taioaba",6,1000,True,False
"ZLMC0129","-23.564003022297634;-46.59242744844711","Rua Tamarataca",6,1000,True,False
"ZLMC0130","-23.549172387762876;-46.59690734845169","Rua Taquari",6,1000,True,False
"ZLMC0131","-23.548006066380925;-46.594363325700364","Rua Taquarytinga",6,1000,True,False
"ZLMC0132","-23.550983521065877;-46.6024402870753","Rua Tenente Inácio da Silveira",6,1000,True,False
"ZLMC0133","-23.556576539097183;-46.60224934104179","Rua Tijuguaçu",6,1000,True,False
"ZLMC0134","-23.55096648254139;-46.607538841043485","Rua Timbó",6,1000,True,False
"ZLMC0135","-23.551877049791205;-46.591723587075116","Rua Viaza",6,1000,True,False
"ZLMC0136","-23.551521165787996;-46.607465425699345","Rua Vileta",6,1000,True,False
"ZLMC0137","-23.557354466902378;-46.601920087073374","Rua Virgílio de Freitas",6,1000,True,False
"ZLMC0138","-23.55902900238982;-46.60497348707282","Rua Visconde de Cairu",6,1000,True,False
"ZLMC0139","-23.561486407246804;-46.59882470241607","Rua Visconde de Inhomerim",6,1000,True,False
"ZLMC0140","-23.55316327904515;-46.60264622569883","Rua Visconde de Laguna",6,1000,True,False
"ZNSP0001","-23.49090055364196;-46.447051524887364","Rua Angelina Lapena Parente",10,1000,True,False
"ZNSP0002","-23.492466752095442;-46.44163640093555","Rua Arlindo Colaço",10,1000,True,False
"ZNSP0003","-23.49493630089373;-46.44389697394546","Rua Arlindo Miragaia",10,1000,True,False
"ZNSP0004","-23.49091427445247;-46.44856283161538","Rua Barra do Fogo",10,1000,True,False
"ZNSP0005","-23.492653499058264;-46.4430033892854","Rua Beraldo Marcondes",10,1000,True,False
"ZNSP0006","-23.495751498853114;-46.4454944469554","Rua Caetano de Sílvio",10,1000,True,False
"ZNSP0007","-23.491222675096854;-46.44753393161551","Rua Campo de Santana",10,1000,True,False
"ZNSP0008","-23.491464834023382;-46.44213445860544","Rua Capitão Francisco Isaías de Carvalho",10,1000,True,False
"ZNSP0009","-23.492791936400113;-46.44720856045049","Rua Dona Alzira Pedroso de Mello",10,1000,True,False
"ZNSP0010","-23.4931951581689;-46.44788572977053","Rua Doutor José Aranha Campos",10,1000,True,False
"ZNSP0011","-23.49230903553523;-46.446664445110564","Rua Eduardo Prim Pedroso de Mello",10,1000,True,False
"ZNSP0012","-23.49534974098126;-46.44480100093556","Rua Evangelina Ferreira Destro",10,1000,True,False
"ZNSP0013","-23.49158331544561;-46.44895473161537","Rua Faustino Santana",10,1000,True,False
"ZNSP0014","-23.496302267987247;-46.44559956045035","Rua Firmino Ferreira Leão",10,1000,True,False
"ZNSP0015","-23.49050191326676;-46.44531053161553","Rua Iacamaciri",10,1000,True,False
"ZNSP0016","-23.49152953413916;-46.44821966045038","Rua João Belo",10,1000,True,False
"ZNSP0017","-23.492902697099435;-46.44740900278043","Rua João Honorato Pedroso",10,1000,True,False
"ZNSP0018","-23.494186035923324;-46.445670931615446","Rua José Aldo Piassi",10,1000,True,False
"ZNSP0019","-23.492987236749798;-46.4487174046252","Rua José Carlos Pedroso",10,1000,False,False
"ZNSP0020","-23.493573837800476;-46.44603473161536","Rua José Dias Miranda",10,1000,True,False
"ZNSP0021","-23.49415963884968;-46.44445778928529","Rua José Pereira Cardoso",10,1000,True,False
"ZNSP0022","-23.491644396799057;-46.44199027579051","Rua Miguel Ângelo Lapena",10,1000,False,False
"ZNSP0023","-23.49189745565097;-46.448918045110496","Rua Monsenhor Cunha e Silva",10,1000,True,False
"ZNSP0024","-23.493947117313052;-46.44631443161536","Rua Osvaldo Santini",10,1000,True,False
"ZNSP0025","-23.4937403986625;-46.44708993161547","Rua Otávio de Rosa",10,1000,True,False
"ZNSP0026","-23.491441613199772;-46.44897700093556","Rua Pilade Pistelli",10,1000,True,False
"ZNSP0027","-23.494732218602078;-46.444071431615384","Rua Professor Joaquim de Camargo",10,1000,True,False
"ZNSP0028","-23.490812991482663;-46.442083046955545","Rua Salvador de Medeiros",10,1000,False,False
"ZNSP0029","-23.492099735160416;-46.44083127394556","Rua Serra Dourada",10,1000,True,False
"ZNSP0030","-23.49184167852202;-46.442649402780404","Rua Tenente Luís Fernando Lobo",10,1000,True,False
"ZCRP0001","-23.54539173063115;-46.643234650250996","Rua Araújo",8,1000,True,False
"ZCRP0002","-23.544201178850127;-46.640777887273615","Rua Barão de Itapetininga",8,1000,True,False
"ZCRP0003","-23.54498433672564;-46.6427533179608","Rua Basílio da Gama",8,1000,True,False
"ZCRP0004","-23.54367137037212;-46.6455180737812","Rua Bento Freitas",8,1000,True,False
"ZCRP0005","-23.54392282093751;-46.638327173781256","Rua Conselheiro Crispiniano",8,1000,True,False
"ZCRP0006","-23.546984268947746;-46.639679646796445","Rua Coronel Xavier de Toledo",8,1000,True,False
"ZCRP0007","-23.54218099650463;-46.64483323145322","Rua do Arouche",8,1000,True,False
"ZCRP0008","-23.54156769549581;-46.6391358872738","Rua do Boticário",8,1000,True,False
"ZCRP0009","-23.543936270768228;-46.64044446213994","Rua Dom José de Barros",8,1000,False,False
"ZCRP0010","-23.54672126206375;-46.64142497378116","Rua Doutor Bráulio Gomes",8,1000,True,False
"ZCRP0011","-23.546248054612562;-46.64615871796053","Rua Doutor Teodoro Baima",8,1000,True,False
"ZCRP0012","-23.545799973555525;-46.64592846028894","Rua Epitácio Pessoa",8,1000,True,False
"ZCRP0013","-23.544518264706156;-46.642622760288944","Rua Gabus Mendes",8,1000,True,False
"ZCRP0014","-23.541823131761788;-46.64246298912487","Rua Joaquim Gustavo",8,1000,True,False
"ZCRP0015","-23.546011311997095;-46.64426979097587","Rua José Paulo Mantovan Freire",8,1000,True,False
"ZCRP0016","-23.545422266260935;-46.64043307378116","Rua Marconi",8,1000,True,False
"ZCRP0017","-23.545640188849223;-46.64023324494536","Rua Nova Barão",8,1000,True,False
"ZCRP0018","-23.54150178018419;-46.642076916109616","Rua Pedro Américo",8,1000,True,False
"ZCRP0019","-23.544534871663515;-46.64653280076604","Rua Rego Freitas",8,1000,False,False
"ZCRP0020","-23.545837024802626;-46.641230119811695","Rua Sete de Abril",8,1000,True,False
"ZCRP0021","-23.543661627526017;-46.640065631453105","Rua Vinte e Quatro de Maio",8,1000,True,False
"ZCBR0001","-23.541947904122654;-46.607910587078194","Rua 21 de Abril",7,1000,True,False
"ZCBR0002","-23.548267998332555;-46.616164809827744","Rua Alegria",7,1000,True,False
"ZCBR0003","-23.534349236502035;-46.611253387080495","Rua Almirante Barroso",7,1000,True,False
"ZCBR0004","-23.54679276926716;-46.62468471776454","Rua Ana Tenório",7,1000,True,False
"ZCBR0005","-23.550582782650192;-46.62097062569973","Rua André Scopetta",7,1000,True,False
"ZCBR0006","-23.543694858240965;-46.61001777173372","Rua Antônio Rolim Júnior",7,1000,True,False
"ZCBR0007","-23.5474230255877;-46.617510502420316","Rua Aristides Lobo",7,1000,True,False
"ZCBR0008","-23.5420613033419;-46.623844087078105","Rua Assunção",7,1000,True,False
"ZCBR0009","-23.549796574147592;-46.62345702569992","Rua Azevedo Júnior",7,1000,True,False
"ZCBR0010","-23.536249632154963;-46.61880936432836","Rua Barão de Ladário",7,1000,True,False
"ZCBR0011","-23.534921970659113;-46.60559900242418","Rua Behring",7,1000,True,False
"ZCBR0012","-23.54423849512046;-46.609569141045505","Rua Belino Iasi",7,1000,True,False
"ZCBR0013","-23.54003217899963;-46.605032333110664","Rua Belo Horizonte",7,1000,True,False
"ZCBR0014","-23.540017229275453;-46.624588756390835","Rua Benjamim de Oliveira",7,1000,True,False
"ZCBR0015","-23.541853017165046;-46.61231540295081","Rua Brigadeiro Machado",7,1000,True,False
"ZCBR0016","-23.548141462273282;-46.62091322570044","Rua Caetano Pinto",7,1000,True,False
"ZCBR0017","-23.528980924866524;-46.609791102426186","Rua Camilo João Christofaro",7,1000,True,False
"ZCBR0018","-23.54834179895034;-46.62426061035639","Rua Capitão Faustino Lima",7,1000,True,False
"ZCBR0019","-23.540466863659468;-46.627559895014926","Rua Carlos Garcia",7,1000,True,False
"ZCBR0020","-23.54858885993189;-46.62239040241997","Rua Carneiro Leão",7,1000,True,False
"ZCBR0021","-23.535011668103653;-46.61551017173641","Rua Casimiro de Abreu",7,1000,True,False
"ZCBR0022","-23.542173964316664;-46.6141029563903","Rua Cavalheiro",7,1000,True,False
"ZCBR0023","-23.547571324053877;-46.62393066379621","Rua Claudino Pinto",7,1000,True,False
"ZCBR0024","-23.539292723212586;-46.606376825703165","Rua Coimbra",7,1000,True,False
"ZCBR0025","-23.543124626285604;-46.62558738707783","Rua Comendador Chaker Dibs",7,1000,True,False
"ZCBR0026","-23.538138313552544;-46.61636044845514","Rua Conselheiro Belisário",7,1000,True,False
"ZCBR0027","-23.547465191612236;-46.61628645638852","Rua Coronel Mursa",7,1000,True,False
"ZCBR0028","-23.53983715895494;-46.61767367173488","Rua Coronel Trancoso",7,1000,True,False
"ZCBR0029","-23.542219333724805;-46.61998994845387","Rua Correia de Andrade",7,1000,True,False
"ZCBR0030","-23.541167825553966;-46.624386333110245","Rua da Alfândega",7,1000,True,False
"ZCBR0031","-23.53968510161679;-46.61906117173495","Rua da Juta",7,1000,True,False
"ZCBR0032","-23.537317006680148;-46.61985858707958","Rua da Praia dos Lavradores",7,1000,True,False
"ZCBR0033","-23.539789402364814;-46.621288202422804","Rua do Bucolismo",7,1000,True,False
"ZCBR0034","-23.54290823907822;-46.62186590242182","Rua do Gasômetro",7,1000,True,False
"ZCBR0035","-23.542157691700407;-46.62508305639027","Rua do Lucas",7,1000,True,False
"ZCBR0036","-23.545781655390172;-46.61572154898148","Rua Domingos Paiva",7,1000,True,False
"ZCBR0037","-23.53753621959897;-46.60905144104774","Rua Doutor Carlos Botelho",7,1000,True,False
"ZCBR0038","-23.539064897168956;-46.61048798707906","Rua Doutor Costa Valente",7,1000,True,False
"ZCBR0039","-23.54086511007962;-46.60850532570273","Rua Doutor João Alves de Lima",7,1000,True,False
"ZCBR0040","-23.538183467953754;-46.611825841047555","Rua Doutor Manuel Vitorino",7,1000,True,False
"ZCBR0041","-23.53931972376508;-46.61313755639136","Rua Doutor Ricardo Gonçalves",7,1000,True,False
"ZCBR0042","-23.539790256294854;-46.60209364104728","Rua Doutor Silva Leme",7,1000,True,False
"ZCBR0043","-23.535932011122448;-46.62050055639246","Rua Eliza Whitacker",7,1000,True,False
"ZCBR0044","-23.55195365619867;-46.61523775638746","Rua Ernesto de Castro",7,1000,True,False
"ZCBR0045","-23.5479602146258;-46.620354656388685","Rua Escola Técnica de Aviação",7,1000,True,False
"ZCBR0046","-23.537482811574066;-46.60935785639199","Rua Euclides da Cunha",7,1000,True,False
"ZCBR0047","-23.541673812794603;-46.6238414410467","Rua Fernandes Silva",7,1000,True,False
"ZCBR0048","-23.53467141963074;-46.60575107173678","Rua Fernão de Magalhães",7,1000,True,False
"ZCBR0049","-23.539835424223817;-46.604971156391194","Rua Firmiano Pinto",7,1000,True,False
"ZCBR0050","-23.550013833279678;-46.61947347173195","Rua Flora",7,1000,True,False
"ZCBR0051","-23.5431131271396;-46.606201956390166","Rua Giuseppe Cesari",7,1000,True,False
"ZCBR0052","-23.544432470949875;-46.612881956389785","Rua Gomes Cardim",7,1000,True,False
"ZCBR0053","-23.53659560565553;-46.62056216672012","Rua Henrique Dias",7,1000,True,False
"ZCBR0054","-23.544841613717306;-46.60753197173361","Rua Inácio de Araújo",7,1000,True,False
"ZCBR0055","-23.534990910848403;-46.60844775639274","Rua Itapiraçaba",7,1000,True,False
"ZCBR0056","-23.544877613727806;-46.6213684717336","Rua Jairo Gois",7,1000,True,False
"ZCBR0057","-23.54318002719914;-46.6150736410462","Rua Joaquim Nabuco",7,1000,True,False
"ZCBR0058","-23.536718821451668;-46.61113965639218","Rua Joli",7,1000,True,False
"ZCBR0059","-23.541043568948893;-46.61129954104688","Rua José de Alencar",7,1000,False,False
"ZCBR0060","-23.53707946660863;-46.604666756392085","Rua José Kauer",7,1000,True,False
"ZCBR0061","-23.54035501241049;-46.60646265639106","Rua José Monteiro",7,1000,True,False
"ZCBR0062","-23.537933356309544;-46.60552385639182","Rua Júlio César da Silva",7,1000,True,False
"ZCBR0063","-23.53715456665296;-46.61906685639206","Rua Júlio Ribeiro",7,1000,True,False
"ZCBR0064","-23.53455676511951;-46.609209925704995","Rua Major Marcelino",7,1000,True,False
"ZCBR0065","-23.534218664919955;-46.61616174104903","Rua Manoel Sobral",7,1000,True,False
"ZCBR0066","-23.54180935627889;-46.60863407173457","Rua Marajó",7,1000,True,False
"ZCBR0067","-23.54537221387188;-46.62401257173343","Rua Maria Domitila",7,1000,False,False
"ZCBR0068","-23.535947211126878;-46.61279805639246","Rua Maria Joaquina",7,1000,True,False
"ZCBR0069","-23.537385711545756;-46.61630585639198","Rua Maria Marcolina",7,1000,True,False
"ZCBR0070","-23.5469866724582;-46.61730585638899","Rua Martim Burchard",7,1000,True,False
"ZCBR0071","-23.534817310797877;-46.614334171736736","Rua Matias de Oliveira",7,1000,True,False
"ZCBR0072","-23.546609672235547;-46.61881144104515","Rua Maurício Salomão Nahas",7,1000,True,False
"ZCBR0073","-23.546814830433064;-46.62077995638902","Rua Melo Barreto",7,1000,True,False
"ZCBR0074","-23.53971202411403;-46.624557925703336","Rua Mendes Caldeira",7,1000,False,False
"ZCBR0075","-23.532815717980448;-46.614251841049445","Rua Mendes Gonçalves",7,1000,True,False
"ZCBR0076","-23.537062421757273;-46.61775275639208","Rua Miller",7,1000,True,False
"ZCBR0077","-23.540759168780976;-46.615941456390935","Rua Ministro Firmino Whitaker",7,1000,True,False
"ZCBR0078","-23.545287771454923;-46.62373458707741","Rua Monsenhor Anacleto",7,1000,True,False
"ZCBR0079","-23.540081412330814;-46.622115956391156","Rua Monsenhor Andrade",7,1000,True,False
"ZCBR0080","-23.54108686897444;-46.60054314104685","Rua Nicolau Barreto",7,1000,True,False
"ZCBR0081","-23.5440571134888;-46.62022265638991","Rua Oiapoque",7,1000,True,False
"ZCBR0082","-23.537869811686747;-46.618383971735774","Rua Oriente",7,1000,False,False
"ZCBR0083","-23.55190307536191;-46.61245214104349","Rua Palmorino Mônaco",7,1000,True,False
"ZCBR0084","-23.550830315462015;-46.61834395638776","Rua Paraná",7,1000,True,False
"ZCBR0085","-23.54386092780488;-46.614600841046006","Rua Paulo Afonso",7,1000,True,False
"ZCBR0086","-23.54980519207702;-46.61771895638806","Rua Piratininga",7,1000,True,False
"ZCBR0087","-23.54655483020173;-46.62534804104515","Rua Pires Ramos",7,1000,True,False
"ZCBR0088","-23.55212405619732;-46.61865325638739","Rua Placidina",7,1000,True,False
"ZCBR0089","-23.542751856271437;-46.62515245639032","Rua Polignano A Mare",7,1000,True,False
"ZCBR0090","-23.547001388743027;-46.62110787173289","Rua Professor Batista de Andrade",7,1000,True,False
"ZCBR0091","-23.540472412444693;-46.62485245639103","Rua Professor Eurípedes Simões de Paula",7,1000,True,False
"ZCBR0092","-23.536931066521035;-46.61168965639212","Rua Professor Pinto Pereira",7,1000,True,False
"ZCBR0093","-23.547373856234877;-46.617669271732815","Rua Prudente de Morais",7,1000,True,False
"ZCBR0094","-23.53831691181693;-46.620108641047736","Rua Roque Victor Vasto",7,1000,True,False
"ZCBR0095","-23.538399211840915;-46.61267414104771","Rua Rubino de Oliveira",7,1000,True,False
"ZCBR0096","-23.539837568236884;-46.616470341047275","Rua Saião Lobato",7,1000,True,False
"ZCBR0097","-23.541988969507095;-46.62055667173448","Rua Sampaio Moreira",7,1000,True,False
"ZCBR0098","-23.537183166669852;-46.61129275639204","Rua Sampson",7,1000,True,False
"ZCBR0099","-23.535225710916805;-46.60746315639266","Rua Santa Clara",7,1000,True,False
"ZCBR0100","-23.541264825495343;-46.626866841046805","Rua Santa Rosa",7,1000,True,False
"ZCBR0101","-23.538749167594304;-46.6198276717355","Rua Sílvio Penteado",7,1000,True,False
"ZCBR0102","-23.54735201444861;-46.62234324104493","Rua Sobral",7,1000,True,False
"ZCBR0103","-23.53283406410273;-46.6103652563934","Rua Sousa Caldas",7,1000,True,False
"ZCBR0104","-23.539627112198506;-46.60184505639131","Rua Tenente Antônio João",7,1000,True,False
"ZCBR0105","-23.548506573355816;-46.62066184104455","Rua Torquato Neto",7,1000,True,False
"ZCBR0106","-23.54387587062121;-46.61304225638995","Rua Uruguaiana",7,1000,True,False
"ZCBR0107","-23.544879486220164;-46.62232798707749","Rua Vasco da Gama",7,1000,True,False
"ZCBR0108","-23.538379422928685;-46.61946755639166","Rua Venâncio",7,1000,True,False
"ZCBR0109","-23.544317112365288;-46.607647957580696","Rua Vieira Martins",7,1000,False,False
"ZCBR0110","-23.54010116719343;-46.61398434224242","Rua Visconde de Abaeté",7,1000,True,False
"ZCBR0111","-23.537057910251356;-46.61399904224339","Rua Xavantes",7,1000,True,False